kind,variant,threads,k,ef,recall,sample,nq,batches,seconds,qps,repeat
query,current,1,10,12,0.82131,0,10000,1,1.129067163,8856.869039950992,1
query,current,1,1,12,0.9013,0,10000,1,1.130168632,8848.237083260332,1
query,current,1,1,256,0.9912,0,10000,1,12.875135184,776.690874083175,1
query,current,1,1,96,0.9902,0,10000,1,5.712704344,1750.4844287107046,1
query,current,1,100,128,0.972935,0,10000,1,7.176450343,1393.4465539435002,1
query,current,1,1,48,0.9858,0,10000,1,3.155461981,3169.108060947352,1
query,current,1,10,128,0.99736,0,10000,1,7.197144151,1389.4400042842772,1
query,current,1,10,256,0.99912,0,10000,1,12.920163924,773.9839880378286,1
query,current,1,100,384,0.998564,0,10000,1,18.125839081,551.6985975276739,1
query,current,1,1,4,0.7082,0,10000,1,0.631504093,15835.210113198744,1
query,current,1,10,32,0.95418,0,10000,1,2.281349297,4383.37084687124,1
query,current,1,1,128,0.9911,0,10000,1,7.138731001,1400.8091912412992,1
query,current,1,10,16,0.87181,0,10000,1,1.366236611,7319.3763946060735,1
query,current,1,1,24,0.9614,0,10000,1,1.832920714,5455.773358672403,1
query,current,1,10,48,0.97783,0,10000,1,3.155282889,3169.2879376559763,1
query,current,1,1,64,0.9889,0,10000,1,3.991843642,2505.108139704035,1
query,current,1,10,512,0.99937,0,10000,1,23.217882286,430.70250235654936,1
query,current,1,100,512,0.999386,0,10000,1,23.297873471,429.2237234633233,1
query,current,1,10,64,0.98804,0,10000,1,3.992498017,2504.697549609328,1
query,current,1,1,192,0.9913,0,10000,1,10.053335328,994.6947628563177,1
query,current,1,1,8,0.8408,0,10000,1,0.879479345,11370.363678069096,1
query,current,1,1,384,0.9912,0,10000,1,18.185779548,549.8801947755801,1
query,current,1,1,32,0.9742,0,10000,1,2.289613604,4367.549171847077,1
query,current,1,10,192,0.99864,0,10000,1,10.102341268,989.8695495148066,1
query,current,1,10,24,0.9274,0,10000,1,1.841057227,5431.661685115017,1
query,current,1,100,256,0.995317,0,10000,1,12.901357289,775.1122440835147,1
query,current,1,100,192,0.989691,0,10000,1,10.040673532,995.9491231469311,1
query,current,1,1,512,0.9913,0,10000,1,23.206340082,430.916722096842,1
query,current,1,1,2,0.5326,0,10000,1,0.508484522,19666.28199550192,1
query,current,1,10,384,0.99937,0,10000,1,18.100798089,552.4618279719434,1
query,current,1,10,96,0.99472,0,10000,1,5.626155573,1777.4126346576943,1
query,current,1,1,1,0.3465,0,10000,1,0.446265837,22408.16834025321,1
query,current,1,1,16,0.9306,0,10000,1,1.368235999,7308.680671542542,1
query,current,16,10,24,0.9274,0,10000,1,0.155068003,64487.836346225464,1
query,current,16,10,256,0.99912,0,10000,1,1.104810784,9051.323669918123,1
query,current,16,10,512,0.99937,0,10000,1,1.993233783,5016.972963878367,1
query,current,16,100,384,0.998564,0,10000,1,1.583620841,6314.6428369087125,1
query,current,16,1,1,0.3465,0,10000,4,0.123759072,323208.62910154986,1
query,current,16,10,96,0.99472,0,10000,1,0.478936871,20879.578511298205,1
query,current,16,1,512,0.9913,0,10000,1,2.00379673,4990.526159806639,1
query,current,16,10,32,0.95418,0,10000,1,0.19180804,52135.4579297093,1
query,current,16,1,48,0.9858,0,10000,1,0.266598506,37509.5875443503,1
query,current,16,1,64,0.9889,0,10000,1,0.339988712,29412.741208890486,1
query,current,16,100,256,0.995317,0,10000,1,1.104821659,9051.234575769664,1
query,current,16,10,12,0.82131,0,10000,2,0.203289762,98381.73749251572,1
query,current,16,1,12,0.9013,0,10000,2,0.181545523,110165.20633229827,1
query,current,16,100,512,0.999386,0,10000,1,1.991282421,5021.889358606456,1
query,current,16,100,192,0.989691,0,10000,1,0.881979061,11338.137652227097,1
query,current,16,1,384,0.9912,0,10000,1,1.559301485,6413.127991088907,1
query,current,16,10,48,0.97783,0,10000,1,0.269938719,37045.4451182307,1
query,current,16,10,64,0.98804,0,10000,1,0.342960418,29157.883753220758,1
query,current,16,10,16,0.87181,0,10000,1,0.131162136,76241.51531048563,1
query,current,16,1,32,0.9742,0,10000,1,0.191991076,52085.75423578542,1
query,current,16,1,2,0.5326,0,10000,4,0.145009352,275844.27796077594,1
query,current,16,1,256,0.9912,0,10000,1,1.107539644,9029.022170153576,1
query,current,16,10,192,0.99864,0,10000,1,0.869735813,11497.74431560633,1
query,current,16,1,128,0.9911,0,10000,1,0.629984289,15873.41172566924,1
query,current,16,1,8,0.8408,0,10000,2,0.139429029,143442.15220777303,1
query,current,16,1,192,0.9913,0,10000,1,0.871266417,11477.545564573276,1
query,current,16,1,16,0.9306,0,10000,2,0.223577325,89454.50975406384,1
query,current,16,10,384,0.99937,0,10000,1,1.61771335,6181.564861290166,1
query,current,16,10,128,0.99736,0,10000,1,0.614334229,16277.784189687402,1
query,current,16,100,128,0.972935,0,10000,1,0.621618114,16087.047296050965,1
query,current,16,1,4,0.7082,0,10000,3,0.141254645,212382.39634526707,1
query,current,16,1,96,0.9902,0,10000,1,0.482660132,20718.512545386697,1
query,current,16,1,24,0.9614,0,10000,1,0.151752981,65896.56383751697,1
query,upstream,1,10,12,0.82092,0,10000,1,1.19698386,8354.331527912163,1
query,upstream,1,1,12,0.9004,0,10000,1,1.200923189,8326.92722698354,1
query,upstream,1,1,256,0.9912,0,10000,1,13.330484722,750.1602686282273,1
query,upstream,1,1,96,0.9901,0,10000,1,5.827393077,1716.0332017877365,1
query,upstream,1,100,128,0.972913,0,10000,1,7.394419349,1352.371231333042,1
query,upstream,1,1,48,0.9858,0,10000,1,3.27614038,3052.37225518401,1
query,upstream,1,10,128,0.9974,0,10000,1,7.233731031,1382.412472504882,1
query,upstream,1,10,256,0.99912,0,10000,1,13.601319538,735.222782764682,1
query,upstream,1,100,384,0.998567,0,10000,1,18.813138091,531.5434326601734,1
query,upstream,1,1,4,0.708,0,10000,1,0.669355927,14939.73474593585,1
query,upstream,1,10,32,0.95407,0,10000,1,2.354185225,4247.754124784297,1
query,upstream,1,1,128,0.9911,0,10000,1,7.288076247,1372.1041960992536,1
query,upstream,1,10,16,0.8714,0,10000,1,1.427018542,7007.617424497348,1
query,upstream,1,1,24,0.9606,0,10000,1,1.881295616,5315.4857295962565,1
query,upstream,1,10,48,0.97771,0,10000,1,3.251620944,3075.3892203986247,1
query,upstream,1,1,64,0.9888,0,10000,1,4.280829932,2335.99562674708,1
query,upstream,1,10,512,0.99936,0,10000,1,23.532953652,424.93603428952184,1
query,upstream,1,100,512,0.999393,0,10000,1,23.266231081,429.80747355193,1
query,upstream,1,10,64,0.988,0,10000,1,4.012270781,2492.3542168077815,1
query,upstream,1,1,192,0.9913,0,10000,1,10.142989668,985.9026112930868,1
query,upstream,1,1,8,0.8405,0,10000,1,0.907845227,11015.09343508395,1
query,upstream,1,1,384,0.9912,0,10000,1,18.876363265,529.7630618574558,1
query,upstream,1,1,32,0.9738,0,10000,1,2.334722181,4283.164858491572,1
query,upstream,1,10,192,0.99863,0,10000,1,10.48097836,954.1094024355948,1
query,upstream,1,10,24,0.9271,0,10000,1,1.872485044,5340.49659410791,1
query,upstream,1,100,256,0.995324,0,10000,1,12.968698086,771.0874240179301,1
query,upstream,1,100,192,0.989682,0,10000,1,10.334280323,967.6532557128313,1
query,upstream,1,1,512,0.9913,0,10000,1,23.227122805,430.5311546313151,1
query,upstream,1,1,2,0.5326,0,10000,1,0.53614133,18651.798398008228,1
query,upstream,1,10,384,0.99935,0,10000,1,18.118202493,551.9311313505585,1
query,upstream,1,10,96,0.99468,0,10000,1,5.626542003,1777.2905622437597,1
query,upstream,1,1,1,0.3466,0,10000,1,0.458921515,21790.21831216608,1
query,upstream,1,1,16,0.9296,0,10000,1,1.380610811,7243.170863450526,1
query,upstream,16,10,24,0.9271,0,10000,1,0.152299383,65660.14781556927,1
query,upstream,16,10,256,0.99912,0,10000,1,1.113654689,8979.444076134087,1
query,upstream,16,10,512,0.99936,0,10000,1,1.996316895,5009.224750362091,1
query,upstream,16,100,384,0.998567,0,10000,1,1.590053465,6289.096700279823,1
query,upstream,16,1,1,0.3466,0,10000,4,0.128607878,311022.9374906567,1
query,upstream,16,10,96,0.99468,0,10000,1,0.478135145,20914.588907703073,1
query,upstream,16,1,512,0.9913,0,10000,1,1.995518325,5011.229350650037,1
query,upstream,16,10,32,0.95407,0,10000,1,0.192582679,51925.74977108923,1
query,upstream,16,1,48,0.9858,0,10000,1,0.268036305,37308.37880338636,1
query,upstream,16,1,64,0.9888,0,10000,1,0.343456225,29115.79197610991,1
query,upstream,16,100,256,0.995324,0,10000,1,1.113373736,8981.709983501893,1
query,upstream,16,10,12,0.82092,0,10000,2,0.185157013,108016.43251827572,1
query,upstream,16,1,12,0.9004,0,10000,2,0.18386306,108776.60798204925,1
query,upstream,16,100,512,0.999393,0,10000,1,2.00179588,4995.514327864437,1
query,upstream,16,100,192,0.989682,0,10000,1,0.869856547,11496.148456304025,1
query,upstream,16,1,384,0.9912,0,10000,1,1.580714116,6326.254633130638,1
query,upstream,16,10,48,0.97771,0,10000,1,0.269259868,37138.8431342468,1
query,upstream,16,10,64,0.988,0,10000,1,0.347040628,28815.070032664877,1
query,upstream,16,10,16,0.8714,0,10000,2,0.227468834,87924.13293858094,1
query,upstream,16,1,32,0.9738,0,10000,1,0.191876748,52116.78905460707,1
query,upstream,16,1,2,0.5326,0,10000,4,0.148575329,269223.7013320024,1
query,upstream,16,1,256,0.9912,0,10000,1,1.10485333,9050.975119023264,1
query,upstream,16,10,192,0.99863,0,10000,1,0.868306651,11516.668665941152,1
query,upstream,16,1,128,0.9911,0,10000,1,0.620813108,16107.907309199405,1
query,upstream,16,1,8,0.8405,0,10000,2,0.140074542,142781.12006962692,1
query,upstream,16,1,192,0.9913,0,10000,1,0.873366848,11449.942281298958,1
query,upstream,16,1,16,0.9296,0,10000,2,0.231459045,86408.37518360969,1
query,upstream,16,10,384,0.99935,0,10000,1,1.557887255,6418.949746141931,1
query,upstream,16,10,128,0.9974,0,10000,1,0.611617296,16350.093539539143,1
query,upstream,16,100,128,0.972913,0,10000,1,0.611735084,16346.945371536023,1
query,upstream,16,1,4,0.708,0,10000,3,0.145190848,206624.5938586983,1
query,upstream,16,1,96,0.9901,0,10000,1,0.477817227,20928.50453045721,1
query,upstream,16,1,24,0.9606,0,10000,1,0.152107932,65742.79111230045,1
