variant,repeat,threads,k,ef,recall,qps
current,1,1,10,12,0.82131,8856.869039950992
current,1,1,1,12,0.9013,8848.237083260332
current,1,1,1,256,0.9912,776.690874083175
current,1,1,1,96,0.9902,1750.4844287107046
current,1,1,100,128,0.972935,1393.4465539435002
current,1,1,1,48,0.9858,3169.108060947352
current,1,1,10,128,0.99736,1389.4400042842772
current,1,1,10,256,0.99912,773.9839880378286
current,1,1,100,384,0.998564,551.6985975276739
current,1,1,1,4,0.7082,15835.210113198744
current,1,1,10,32,0.95418,4383.37084687124
current,1,1,1,128,0.9911,1400.8091912412992
current,1,1,10,16,0.87181,7319.3763946060735
current,1,1,1,24,0.9614,5455.773358672403
current,1,1,10,48,0.97783,3169.2879376559763
current,1,1,1,64,0.9889,2505.108139704035
current,1,1,10,512,0.99937,430.70250235654936
current,1,1,100,512,0.999386,429.2237234633233
current,1,1,10,64,0.98804,2504.697549609328
current,1,1,1,192,0.9913,994.6947628563177
current,1,1,1,8,0.8408,11370.363678069096
current,1,1,1,384,0.9912,549.8801947755801
current,1,1,1,32,0.9742,4367.549171847077
current,1,1,10,192,0.99864,989.8695495148066
current,1,1,10,24,0.9274,5431.661685115017
current,1,1,100,256,0.995317,775.1122440835147
current,1,1,100,192,0.989691,995.9491231469311
current,1,1,1,512,0.9913,430.916722096842
current,1,1,1,2,0.5326,19666.28199550192
current,1,1,10,384,0.99937,552.4618279719434
current,1,1,10,96,0.99472,1777.4126346576943
current,1,1,1,1,0.3465,22408.16834025321
current,1,1,1,16,0.9306,7308.680671542542
current,1,16,10,24,0.9274,64487.836346225464
current,1,16,10,256,0.99912,9051.323669918123
current,1,16,10,512,0.99937,5016.972963878367
current,1,16,100,384,0.998564,6314.6428369087125
current,1,16,1,1,0.3465,323208.62910154986
current,1,16,10,96,0.99472,20879.578511298205
current,1,16,1,512,0.9913,4990.526159806639
current,1,16,10,32,0.95418,52135.4579297093
current,1,16,1,48,0.9858,37509.5875443503
current,1,16,1,64,0.9889,29412.741208890486
current,1,16,100,256,0.995317,9051.234575769664
current,1,16,10,12,0.82131,98381.73749251572
current,1,16,1,12,0.9013,110165.20633229827
current,1,16,100,512,0.999386,5021.889358606456
current,1,16,100,192,0.989691,11338.137652227097
current,1,16,1,384,0.9912,6413.127991088907
current,1,16,10,48,0.97783,37045.4451182307
current,1,16,10,64,0.98804,29157.883753220758
current,1,16,10,16,0.87181,76241.51531048563
current,1,16,1,32,0.9742,52085.75423578542
current,1,16,1,2,0.5326,275844.27796077594
current,1,16,1,256,0.9912,9029.022170153576
current,1,16,10,192,0.99864,11497.74431560633
current,1,16,1,128,0.9911,15873.41172566924
current,1,16,1,8,0.8408,143442.15220777303
current,1,16,1,192,0.9913,11477.545564573276
current,1,16,1,16,0.9306,89454.50975406384
current,1,16,10,384,0.99937,6181.564861290166
current,1,16,10,128,0.99736,16277.784189687402
current,1,16,100,128,0.972935,16087.047296050965
current,1,16,1,4,0.7082,212382.39634526707
current,1,16,1,96,0.9902,20718.512545386697
current,1,16,1,24,0.9614,65896.56383751697
upstream,1,1,10,12,0.82092,8354.331527912163
upstream,1,1,1,12,0.9004,8326.92722698354
upstream,1,1,1,256,0.9912,750.1602686282273
upstream,1,1,1,96,0.9901,1716.0332017877365
upstream,1,1,100,128,0.972913,1352.371231333042
upstream,1,1,1,48,0.9858,3052.37225518401
upstream,1,1,10,128,0.9974,1382.412472504882
upstream,1,1,10,256,0.99912,735.222782764682
upstream,1,1,100,384,0.998567,531.5434326601734
upstream,1,1,1,4,0.708,14939.73474593585
upstream,1,1,10,32,0.95407,4247.754124784297
upstream,1,1,1,128,0.9911,1372.1041960992536
upstream,1,1,10,16,0.8714,7007.617424497348
upstream,1,1,1,24,0.9606,5315.4857295962565
upstream,1,1,10,48,0.97771,3075.3892203986247
upstream,1,1,1,64,0.9888,2335.99562674708
upstream,1,1,10,512,0.99936,424.93603428952184
upstream,1,1,100,512,0.999393,429.80747355193
upstream,1,1,10,64,0.988,2492.3542168077815
upstream,1,1,1,192,0.9913,985.9026112930868
upstream,1,1,1,8,0.8405,11015.09343508395
upstream,1,1,1,384,0.9912,529.7630618574558
upstream,1,1,1,32,0.9738,4283.164858491572
upstream,1,1,10,192,0.99863,954.1094024355948
upstream,1,1,10,24,0.9271,5340.49659410791
upstream,1,1,100,256,0.995324,771.0874240179301
upstream,1,1,100,192,0.989682,967.6532557128313
upstream,1,1,1,512,0.9913,430.5311546313151
upstream,1,1,1,2,0.5326,18651.798398008228
upstream,1,1,10,384,0.99935,551.9311313505585
upstream,1,1,10,96,0.99468,1777.2905622437597
upstream,1,1,1,1,0.3466,21790.21831216608
upstream,1,1,1,16,0.9296,7243.170863450526
upstream,1,16,10,24,0.9271,65660.14781556927
upstream,1,16,10,256,0.99912,8979.444076134087
upstream,1,16,10,512,0.99936,5009.224750362091
upstream,1,16,100,384,0.998567,6289.096700279823
upstream,1,16,1,1,0.3466,311022.9374906567
upstream,1,16,10,96,0.99468,20914.588907703073
upstream,1,16,1,512,0.9913,5011.229350650037
upstream,1,16,10,32,0.95407,51925.74977108923
upstream,1,16,1,48,0.9858,37308.37880338636
upstream,1,16,1,64,0.9888,29115.79197610991
upstream,1,16,100,256,0.995324,8981.709983501893
upstream,1,16,10,12,0.82092,108016.43251827572
upstream,1,16,1,12,0.9004,108776.60798204925
upstream,1,16,100,512,0.999393,4995.514327864437
upstream,1,16,100,192,0.989682,11496.148456304025
upstream,1,16,1,384,0.9912,6326.254633130638
upstream,1,16,10,48,0.97771,37138.8431342468
upstream,1,16,10,64,0.988,28815.070032664877
upstream,1,16,10,16,0.8714,87924.13293858094
upstream,1,16,1,32,0.9738,52116.78905460707
upstream,1,16,1,2,0.5326,269223.7013320024
upstream,1,16,1,256,0.9912,9050.975119023264
upstream,1,16,10,192,0.99863,11516.668665941152
upstream,1,16,1,128,0.9911,16107.907309199405
upstream,1,16,1,8,0.8405,142781.12006962692
upstream,1,16,1,192,0.9913,11449.942281298958
upstream,1,16,1,16,0.9296,86408.37518360969
upstream,1,16,10,384,0.99935,6418.949746141931
upstream,1,16,10,128,0.9974,16350.093539539143
upstream,1,16,100,128,0.972913,16346.945371536023
upstream,1,16,1,4,0.708,206624.5938586983
upstream,1,16,1,96,0.9901,20928.50453045721
upstream,1,16,1,24,0.9606,65742.79111230045
