variant,threads,k,ef,builds,recall,recall_min,recall_max,qps,qps_min,qps_max
current,1,1,1,1,0.3465,0.3465,0.3465,22408.16834025321,22408.16834025321,22408.16834025321
current,1,1,2,1,0.5326,0.5326,0.5326,19666.28199550192,19666.28199550192,19666.28199550192
current,1,1,4,1,0.7082,0.7082,0.7082,15835.210113198744,15835.210113198744,15835.210113198744
current,1,1,8,1,0.8408,0.8408,0.8408,11370.363678069096,11370.363678069096,11370.363678069096
current,1,1,12,1,0.9013,0.9013,0.9013,8848.237083260332,8848.237083260332,8848.237083260332
current,1,1,16,1,0.9306,0.9306,0.9306,7308.680671542542,7308.680671542542,7308.680671542542
current,1,1,24,1,0.9614,0.9614,0.9614,5455.773358672403,5455.773358672403,5455.773358672403
current,1,1,32,1,0.9742,0.9742,0.9742,4367.549171847077,4367.549171847077,4367.549171847077
current,1,1,48,1,0.9858,0.9858,0.9858,3169.108060947352,3169.108060947352,3169.108060947352
current,1,1,64,1,0.9889,0.9889,0.9889,2505.108139704035,2505.108139704035,2505.108139704035
current,1,1,96,1,0.9902,0.9902,0.9902,1750.4844287107046,1750.4844287107046,1750.4844287107046
current,1,1,128,1,0.9911,0.9911,0.9911,1400.8091912412992,1400.8091912412992,1400.8091912412992
current,1,1,192,1,0.9913,0.9913,0.9913,994.6947628563177,994.6947628563177,994.6947628563177
current,1,1,256,1,0.9912,0.9912,0.9912,776.690874083175,776.690874083175,776.690874083175
current,1,1,384,1,0.9912,0.9912,0.9912,549.8801947755801,549.8801947755801,549.8801947755801
current,1,1,512,1,0.9913,0.9913,0.9913,430.916722096842,430.916722096842,430.916722096842
current,1,10,12,1,0.82131,0.82131,0.82131,8856.869039950992,8856.869039950992,8856.869039950992
current,1,10,16,1,0.87181,0.87181,0.87181,7319.3763946060735,7319.3763946060735,7319.3763946060735
current,1,10,24,1,0.9274,0.9274,0.9274,5431.661685115017,5431.661685115017,5431.661685115017
current,1,10,32,1,0.95418,0.95418,0.95418,4383.37084687124,4383.37084687124,4383.37084687124
current,1,10,48,1,0.97783,0.97783,0.97783,3169.2879376559763,3169.2879376559763,3169.2879376559763
current,1,10,64,1,0.98804,0.98804,0.98804,2504.697549609328,2504.697549609328,2504.697549609328
current,1,10,96,1,0.99472,0.99472,0.99472,1777.4126346576943,1777.4126346576943,1777.4126346576943
current,1,10,128,1,0.99736,0.99736,0.99736,1389.4400042842772,1389.4400042842772,1389.4400042842772
current,1,10,192,1,0.99864,0.99864,0.99864,989.8695495148066,989.8695495148066,989.8695495148066
current,1,10,256,1,0.99912,0.99912,0.99912,773.9839880378286,773.9839880378286,773.9839880378286
current,1,10,384,1,0.99937,0.99937,0.99937,552.4618279719434,552.4618279719434,552.4618279719434
current,1,10,512,1,0.99937,0.99937,0.99937,430.70250235654936,430.70250235654936,430.70250235654936
current,1,100,128,1,0.972935,0.972935,0.972935,1393.4465539435002,1393.4465539435002,1393.4465539435002
current,1,100,192,1,0.989691,0.989691,0.989691,995.9491231469311,995.9491231469311,995.9491231469311
current,1,100,256,1,0.995317,0.995317,0.995317,775.1122440835147,775.1122440835147,775.1122440835147
current,1,100,384,1,0.998564,0.998564,0.998564,551.6985975276739,551.6985975276739,551.6985975276739
current,1,100,512,1,0.999386,0.999386,0.999386,429.2237234633233,429.2237234633233,429.2237234633233
current,16,1,1,1,0.3465,0.3465,0.3465,323208.62910154986,323208.62910154986,323208.62910154986
current,16,1,2,1,0.5326,0.5326,0.5326,275844.27796077594,275844.27796077594,275844.27796077594
current,16,1,4,1,0.7082,0.7082,0.7082,212382.39634526707,212382.39634526707,212382.39634526707
current,16,1,8,1,0.8408,0.8408,0.8408,143442.15220777303,143442.15220777303,143442.15220777303
current,16,1,12,1,0.9013,0.9013,0.9013,110165.20633229827,110165.20633229827,110165.20633229827
current,16,1,16,1,0.9306,0.9306,0.9306,89454.50975406384,89454.50975406384,89454.50975406384
current,16,1,24,1,0.9614,0.9614,0.9614,65896.56383751697,65896.56383751697,65896.56383751697
current,16,1,32,1,0.9742,0.9742,0.9742,52085.75423578542,52085.75423578542,52085.75423578542
current,16,1,48,1,0.9858,0.9858,0.9858,37509.5875443503,37509.5875443503,37509.5875443503
current,16,1,64,1,0.9889,0.9889,0.9889,29412.741208890486,29412.741208890486,29412.741208890486
current,16,1,96,1,0.9902,0.9902,0.9902,20718.512545386697,20718.512545386697,20718.512545386697
current,16,1,128,1,0.9911,0.9911,0.9911,15873.41172566924,15873.41172566924,15873.41172566924
current,16,1,192,1,0.9913,0.9913,0.9913,11477.545564573276,11477.545564573276,11477.545564573276
current,16,1,256,1,0.9912,0.9912,0.9912,9029.022170153576,9029.022170153576,9029.022170153576
current,16,1,384,1,0.9912,0.9912,0.9912,6413.127991088907,6413.127991088907,6413.127991088907
current,16,1,512,1,0.9913,0.9913,0.9913,4990.526159806639,4990.526159806639,4990.526159806639
current,16,10,12,1,0.82131,0.82131,0.82131,98381.73749251572,98381.73749251572,98381.73749251572
current,16,10,16,1,0.87181,0.87181,0.87181,76241.51531048563,76241.51531048563,76241.51531048563
current,16,10,24,1,0.9274,0.9274,0.9274,64487.836346225464,64487.836346225464,64487.836346225464
current,16,10,32,1,0.95418,0.95418,0.95418,52135.4579297093,52135.4579297093,52135.4579297093
current,16,10,48,1,0.97783,0.97783,0.97783,37045.4451182307,37045.4451182307,37045.4451182307
current,16,10,64,1,0.98804,0.98804,0.98804,29157.883753220758,29157.883753220758,29157.883753220758
current,16,10,96,1,0.99472,0.99472,0.99472,20879.578511298205,20879.578511298205,20879.578511298205
current,16,10,128,1,0.99736,0.99736,0.99736,16277.784189687402,16277.784189687402,16277.784189687402
current,16,10,192,1,0.99864,0.99864,0.99864,11497.74431560633,11497.74431560633,11497.74431560633
current,16,10,256,1,0.99912,0.99912,0.99912,9051.323669918123,9051.323669918123,9051.323669918123
current,16,10,384,1,0.99937,0.99937,0.99937,6181.564861290166,6181.564861290166,6181.564861290166
current,16,10,512,1,0.99937,0.99937,0.99937,5016.972963878367,5016.972963878367,5016.972963878367
current,16,100,128,1,0.972935,0.972935,0.972935,16087.047296050965,16087.047296050965,16087.047296050965
current,16,100,192,1,0.989691,0.989691,0.989691,11338.137652227097,11338.137652227097,11338.137652227097
current,16,100,256,1,0.995317,0.995317,0.995317,9051.234575769664,9051.234575769664,9051.234575769664
current,16,100,384,1,0.998564,0.998564,0.998564,6314.6428369087125,6314.6428369087125,6314.6428369087125
current,16,100,512,1,0.999386,0.999386,0.999386,5021.889358606456,5021.889358606456,5021.889358606456
upstream,1,1,1,1,0.3466,0.3466,0.3466,21790.21831216608,21790.21831216608,21790.21831216608
upstream,1,1,2,1,0.5326,0.5326,0.5326,18651.798398008228,18651.798398008228,18651.798398008228
upstream,1,1,4,1,0.708,0.708,0.708,14939.73474593585,14939.73474593585,14939.73474593585
upstream,1,1,8,1,0.8405,0.8405,0.8405,11015.09343508395,11015.09343508395,11015.09343508395
upstream,1,1,12,1,0.9004,0.9004,0.9004,8326.92722698354,8326.92722698354,8326.92722698354
upstream,1,1,16,1,0.9296,0.9296,0.9296,7243.170863450526,7243.170863450526,7243.170863450526
upstream,1,1,24,1,0.9606,0.9606,0.9606,5315.4857295962565,5315.4857295962565,5315.4857295962565
upstream,1,1,32,1,0.9738,0.9738,0.9738,4283.164858491572,4283.164858491572,4283.164858491572
upstream,1,1,48,1,0.9858,0.9858,0.9858,3052.37225518401,3052.37225518401,3052.37225518401
upstream,1,1,64,1,0.9888,0.9888,0.9888,2335.99562674708,2335.99562674708,2335.99562674708
upstream,1,1,96,1,0.9901,0.9901,0.9901,1716.0332017877365,1716.0332017877365,1716.0332017877365
upstream,1,1,128,1,0.9911,0.9911,0.9911,1372.1041960992536,1372.1041960992536,1372.1041960992536
upstream,1,1,192,1,0.9913,0.9913,0.9913,985.9026112930868,985.9026112930868,985.9026112930868
upstream,1,1,256,1,0.9912,0.9912,0.9912,750.1602686282273,750.1602686282273,750.1602686282273
upstream,1,1,384,1,0.9912,0.9912,0.9912,529.7630618574558,529.7630618574558,529.7630618574558
upstream,1,1,512,1,0.9913,0.9913,0.9913,430.5311546313151,430.5311546313151,430.5311546313151
upstream,1,10,12,1,0.82092,0.82092,0.82092,8354.331527912163,8354.331527912163,8354.331527912163
upstream,1,10,16,1,0.8714,0.8714,0.8714,7007.617424497348,7007.617424497348,7007.617424497348
upstream,1,10,24,1,0.9271,0.9271,0.9271,5340.49659410791,5340.49659410791,5340.49659410791
upstream,1,10,32,1,0.95407,0.95407,0.95407,4247.754124784297,4247.754124784297,4247.754124784297
upstream,1,10,48,1,0.97771,0.97771,0.97771,3075.3892203986247,3075.3892203986247,3075.3892203986247
upstream,1,10,64,1,0.988,0.988,0.988,2492.3542168077815,2492.3542168077815,2492.3542168077815
upstream,1,10,96,1,0.99468,0.99468,0.99468,1777.2905622437597,1777.2905622437597,1777.2905622437597
upstream,1,10,128,1,0.9974,0.9974,0.9974,1382.412472504882,1382.412472504882,1382.412472504882
upstream,1,10,192,1,0.99863,0.99863,0.99863,954.1094024355948,954.1094024355948,954.1094024355948
upstream,1,10,256,1,0.99912,0.99912,0.99912,735.222782764682,735.222782764682,735.222782764682
upstream,1,10,384,1,0.99935,0.99935,0.99935,551.9311313505585,551.9311313505585,551.9311313505585
upstream,1,10,512,1,0.99936,0.99936,0.99936,424.93603428952184,424.93603428952184,424.93603428952184
upstream,1,100,128,1,0.972913,0.972913,0.972913,1352.371231333042,1352.371231333042,1352.371231333042
upstream,1,100,192,1,0.989682,0.989682,0.989682,967.6532557128313,967.6532557128313,967.6532557128313
upstream,1,100,256,1,0.995324,0.995324,0.995324,771.0874240179301,771.0874240179301,771.0874240179301
upstream,1,100,384,1,0.998567,0.998567,0.998567,531.5434326601734,531.5434326601734,531.5434326601734
upstream,1,100,512,1,0.999393,0.999393,0.999393,429.80747355193,429.80747355193,429.80747355193
upstream,16,1,1,1,0.3466,0.3466,0.3466,311022.9374906567,311022.9374906567,311022.9374906567
upstream,16,1,2,1,0.5326,0.5326,0.5326,269223.7013320024,269223.7013320024,269223.7013320024
upstream,16,1,4,1,0.708,0.708,0.708,206624.5938586983,206624.5938586983,206624.5938586983
upstream,16,1,8,1,0.8405,0.8405,0.8405,142781.12006962692,142781.12006962692,142781.12006962692
upstream,16,1,12,1,0.9004,0.9004,0.9004,108776.60798204925,108776.60798204925,108776.60798204925
upstream,16,1,16,1,0.9296,0.9296,0.9296,86408.37518360969,86408.37518360969,86408.37518360969
upstream,16,1,24,1,0.9606,0.9606,0.9606,65742.79111230045,65742.79111230045,65742.79111230045
upstream,16,1,32,1,0.9738,0.9738,0.9738,52116.78905460707,52116.78905460707,52116.78905460707
upstream,16,1,48,1,0.9858,0.9858,0.9858,37308.37880338636,37308.37880338636,37308.37880338636
upstream,16,1,64,1,0.9888,0.9888,0.9888,29115.79197610991,29115.79197610991,29115.79197610991
upstream,16,1,96,1,0.9901,0.9901,0.9901,20928.50453045721,20928.50453045721,20928.50453045721
upstream,16,1,128,1,0.9911,0.9911,0.9911,16107.907309199405,16107.907309199405,16107.907309199405
upstream,16,1,192,1,0.9913,0.9913,0.9913,11449.942281298958,11449.942281298958,11449.942281298958
upstream,16,1,256,1,0.9912,0.9912,0.9912,9050.975119023264,9050.975119023264,9050.975119023264
upstream,16,1,384,1,0.9912,0.9912,0.9912,6326.254633130638,6326.254633130638,6326.254633130638
upstream,16,1,512,1,0.9913,0.9913,0.9913,5011.229350650037,5011.229350650037,5011.229350650037
upstream,16,10,12,1,0.82092,0.82092,0.82092,108016.43251827572,108016.43251827572,108016.43251827572
upstream,16,10,16,1,0.8714,0.8714,0.8714,87924.13293858094,87924.13293858094,87924.13293858094
upstream,16,10,24,1,0.9271,0.9271,0.9271,65660.14781556927,65660.14781556927,65660.14781556927
upstream,16,10,32,1,0.95407,0.95407,0.95407,51925.74977108923,51925.74977108923,51925.74977108923
upstream,16,10,48,1,0.97771,0.97771,0.97771,37138.8431342468,37138.8431342468,37138.8431342468
upstream,16,10,64,1,0.988,0.988,0.988,28815.070032664877,28815.070032664877,28815.070032664877
upstream,16,10,96,1,0.99468,0.99468,0.99468,20914.588907703073,20914.588907703073,20914.588907703073
upstream,16,10,128,1,0.9974,0.9974,0.9974,16350.093539539143,16350.093539539143,16350.093539539143
upstream,16,10,192,1,0.99863,0.99863,0.99863,11516.668665941152,11516.668665941152,11516.668665941152
upstream,16,10,256,1,0.99912,0.99912,0.99912,8979.444076134087,8979.444076134087,8979.444076134087
upstream,16,10,384,1,0.99935,0.99935,0.99935,6418.949746141931,6418.949746141931,6418.949746141931
upstream,16,10,512,1,0.99936,0.99936,0.99936,5009.224750362091,5009.224750362091,5009.224750362091
upstream,16,100,128,1,0.972913,0.972913,0.972913,16346.945371536023,16346.945371536023,16346.945371536023
upstream,16,100,192,1,0.989682,0.989682,0.989682,11496.148456304025,11496.148456304025,11496.148456304025
upstream,16,100,256,1,0.995324,0.995324,0.995324,8981.709983501893,8981.709983501893,8981.709983501893
upstream,16,100,384,1,0.998567,0.998567,0.998567,6289.096700279823,6289.096700279823,6289.096700279823
upstream,16,100,512,1,0.999393,0.999393,0.999393,4995.514327864437,4995.514327864437,4995.514327864437
