k,ef,upstream_recall,current_recall,recall_delta_pp
1,1,0.3466,0.3465,-0.01000000000000445
1,2,0.5326,0.5326,0.0
1,4,0.708,0.7082,0.0200000000000089
1,8,0.8405,0.8408,0.029999999999996696
1,12,0.9004,0.9013,0.09000000000000119
1,16,0.9296,0.9306,0.10000000000000009
1,24,0.9606,0.9614,0.08000000000000229
1,32,0.9738,0.9742,0.039999999999995595
1,48,0.9858,0.9858,0.0
1,64,0.9888,0.9889,0.009999999999998899
1,96,0.9901,0.9902,0.009999999999998899
1,128,0.9911,0.9911,0.0
1,192,0.9913,0.9913,0.0
1,256,0.9912,0.9912,0.0
1,384,0.9912,0.9912,0.0
1,512,0.9913,0.9913,0.0
10,12,0.82092,0.82131,0.039000000000000146
10,16,0.8714,0.87181,0.041000000000002146
10,24,0.9271,0.9274,0.029999999999996696
10,32,0.95407,0.95418,0.01100000000000545
10,48,0.97771,0.97783,0.012000000000000899
10,64,0.988,0.98804,0.004000000000004
10,96,0.99468,0.99472,0.004000000000004
10,128,0.9974,0.99736,-0.003999999999992898
10,192,0.99863,0.99864,0.000999999999995449
10,256,0.99912,0.99912,0.0
10,384,0.99935,0.99937,0.002000000000002
10,512,0.99936,0.99937,0.000999999999995449
100,128,0.972913,0.972935,0.002199999999996649
100,192,0.989682,0.989691,0.0009000000000036756
100,256,0.995324,0.995317,-0.0006999999999979245
100,384,0.998567,0.998564,-0.00029999999999752447
100,512,0.999393,0.999386,-0.0006999999999979245
